-- Auto-generated prod seed (GWESHA excluded). Idempotent.

INSERT INTO moteteam."client" ("id", "name", "status", "contract_end", "logo_url", "created_at", "updated_at", "windsor_account_id", "windsor_tiktok_id", "meta_ad_account_id") VALUES
  ('687a0e9d-19ec-41da-9057-a3099da98ba7', 'All Unit ANP - Game Penjelajahan Garut', 'offboarding', NULL, NULL, '2026-06-13T02:50:35.010Z', '2026-06-13T03:15:17.920Z', NULL, NULL, NULL),
  ('f686ad05-fdcf-47d4-9e60-813ff2b8cf03', 'Balong', 'offboarding', NULL, NULL, '2026-06-13T02:50:35.010Z', '2026-06-13T03:15:32.805Z', NULL, NULL, NULL),
  ('1d089d58-45b8-4660-880e-9b41a9237f49', 'Barbedek', 'offboarding', NULL, NULL, '2026-06-13T02:50:35.010Z', '2026-06-13T03:15:20.427Z', NULL, NULL, NULL),
  ('21f0b7af-7fc8-400a-9ab8-d727491bd14c', 'Kacasooca', 'offboarding', NULL, NULL, '2026-06-13T02:50:35.010Z', '2026-06-13T03:15:02.973Z', NULL, NULL, NULL),
  ('1e62490c-409e-4428-8810-ceef75695ffb', 'Kedai Nasi Sinar Berkah', 'active', NULL, '/api/r2/logos/c2be70c6-6935-4a16-b0a2-03e8d996d540.png', '2026-06-13T02:50:35.010Z', '2026-06-13T03:16:25.880Z', 'kedainasi_sinarberkah', 'kedainasi_sinarberkah', '4408133886090167'),
  ('65abab5b-0309-4370-a513-4968942066e6', 'Popondok', 'offboarding', NULL, NULL, '2026-06-13T02:50:35.010Z', '2026-06-13T03:15:29.963Z', NULL, NULL, NULL),
  ('b64f19dd-a5d6-445e-b272-565230d85cef', 'Rancabango Hotel & Resort', 'active', '2026-12-31T00:00:00.000Z', 'https://rancabangohotel.com/wp-content/uploads/logorcb.webp', '2026-06-13T00:24:52.917Z', '2026-06-13T02:36:31.960Z', 'rancabango_hotel', 'RancabangoHotelResortGarut', '697729513031704'),
  ('66b61267-8feb-4c2d-ab0d-82343cecd411', 'Restorasa', 'active', NULL, '/api/r2/logos/5a0a13e1-a3ff-4a01-bb1e-a2d2925e2bcc.png', '2026-06-13T02:50:35.010Z', '2026-06-13T03:16:53.900Z', 'restorasa_', 'Restorasa', '1162676394992234'),
  ('946d3d21-ee45-45f5-9842-cb3d851f4b57', 'Wacana', 'offboarding', NULL, NULL, '2026-06-13T02:50:35.010Z', '2026-06-13T03:15:05.194Z', NULL, NULL, NULL)
ON CONFLICT (id) DO NOTHING;

INSERT INTO moteteam."team_member" ("id", "auth_user_id", "name", "role", "division", "active", "grade", "created_at", "updated_at", "code", "reports_to", "email") VALUES
  ('1d6538f4-2d79-4f38-8a14-c6e75349a6d3', NULL, 'Ryan Aditya Nugraha', 'Head of Brand & Business Design', 'creative', true, NULL, '2026-06-13T03:03:26.183Z', '2026-06-13T03:03:26.183Z', 'K001', NULL, NULL),
  ('09575fa1-6c10-4f7f-932b-4565cd6cef35', NULL, 'Nanan Somanan', 'Head of Strategic Growth / CEO', 'growth', true, NULL, '2026-06-13T00:23:17.423Z', '2026-06-13T00:23:17.423Z', 'K002', NULL, 'motekreatif@gmail.com'),
  ('76610b59-5488-4d02-b238-711c4b29b9a2', NULL, 'Indriawan Nugraha', 'Head of Operation System — Meta Ads + strategy', 'performance', true, NULL, '2026-06-13T03:03:26.183Z', '2026-06-13T03:03:26.183Z', 'K003', NULL, NULL),
  ('60d1ff4f-7230-46b9-ba09-6cf7b97170d2', NULL, 'Ahmad Muzakir Muaz', 'Finance & Accounting', 'business', true, NULL, '2026-06-13T03:03:26.183Z', '2026-06-13T03:03:26.183Z', 'K004', NULL, NULL),
  ('673f7208-e913-499f-917c-c7d8d32979ba', NULL, 'Nadila Firas Verosa', 'Admin Sosmed & CRM · Task Traffic Controller', 'performance', true, NULL, '2026-06-13T02:50:35.031Z', '2026-06-13T06:29:48.649Z', 'K005', 'Indriawan Nugraha', 'nadillafirass@gmail.com'),
  ('a234a292-8b99-45b3-8c19-2344f5c187ae', NULL, 'Galih Afriali', 'Content Creator + Video Editor', 'creative', true, NULL, '2026-06-13T02:50:35.031Z', '2026-06-13T02:50:35.031Z', 'K006', 'Ryan Aditya Nugraha', NULL),
  ('a72b861e-d33c-4b60-8cb5-2c79998a7282', NULL, 'Levia Mei Rizky (Ale)', 'Junior Content Creator — TikTok', 'creative', true, NULL, '2026-06-13T02:50:35.031Z', '2026-06-13T06:30:29.108Z', 'K007', 'Ryan Aditya Nugraha', 'businessale12@gmail.com'),
  ('ce042b73-189d-4ebc-acca-d836bcdf8436', NULL, 'Shafira Aulia Kurniawan', 'Graphic Design', 'creative', true, NULL, '2026-06-13T00:26:31.948Z', '2026-06-13T06:30:18.688Z', 'K008', 'Ryan Aditya Nugraha', 'shafirakurniawan1509@gmail.com'),
  ('6f46f9f4-6fb9-40a9-ab7e-6e8733f80935', NULL, 'Rangga Muhamad Ariansyah', 'Graphic Design', 'creative', true, NULL, '2026-06-13T02:50:35.031Z', '2026-06-13T02:50:35.031Z', 'K009', 'Ryan Aditya Nugraha', NULL),
  ('75b3d83b-077f-4e96-89c8-7719a1259e37', NULL, 'Alexa Sondari', 'KOL Specialist', 'performance', true, NULL, '2026-06-13T02:50:35.031Z', '2026-06-13T02:50:35.031Z', 'K010', 'Indriawan Nugraha', NULL)
ON CONFLICT (id) DO NOTHING;

INSERT INTO moteteam."task" ("id", "title", "status", "client_id", "parent_id", "due_date", "posting_date", "type_content", "caption", "link_materi", "link_output", "link_ig", "link_tiktok", "media_url", "monthly_performance_id", "created_by", "created_at", "updated_at") VALUES
  ('70779e8a-dc80-4ae8-a181-19be50eb58f5', 'RANCABANGO - IG - Juni - Liburan yang menawarkan jeda', 'published', 'b64f19dd-a5d6-445e-b272-565230d85cef', NULL, '2026-06-20T00:00:00.000Z', '2026-06-22T00:00:00.000Z', NULL, NULL, NULL, NULL, NULL, NULL, NULL, NULL, NULL, '2026-06-13T00:32:50.559Z', '2026-06-13T00:36:55.374Z'),
  ('6ff97eb4-091e-47d7-be7c-6fe5b4961f8b', 'Desain carousel 5 slide', 'in_progress', 'b64f19dd-a5d6-445e-b272-565230d85cef', '70779e8a-dc80-4ae8-a181-19be50eb58f5', '2026-06-14T00:00:00.000Z', NULL, NULL, NULL, NULL, NULL, NULL, NULL, NULL, NULL, NULL, '2026-06-13T00:33:44.969Z', '2026-06-13T00:33:44.969Z'),
  ('7cffcf0a-20b5-4d10-8613-34a1e330574b', 'RANCABANGO - IG - Juni - Carousel sunset', 'not_started', 'b64f19dd-a5d6-445e-b272-565230d85cef', NULL, NULL, NULL, NULL, NULL, NULL, NULL, NULL, NULL, '/uploads/tasks/8ea4c694-10d8-48a6-b04d-bf0bc1828832.jpg', NULL, NULL, '2026-06-13T00:54:56.168Z', '2026-06-13T00:54:56.168Z'),
  ('398ca7a8-db17-4206-9011-d45e9ed62872', 'RANCABANGO - IGS - Juni - Open (15)', 'in_progress', 'b64f19dd-a5d6-445e-b272-565230d85cef', NULL, NULL, '2026-06-10T00:00:00.000Z', NULL, NULL, NULL, NULL, NULL, NULL, NULL, NULL, NULL, '2026-06-13T03:27:03.981Z', '2026-06-13T03:27:03.981Z'),
  ('95c358b2-de08-4bb5-9e3d-a7f200153d3c', 'RANCABANGO - IG - Juni - [SLIDE POST] Kalo liburan dihabiskan dirumah saja', 'in_progress', 'b64f19dd-a5d6-445e-b272-565230d85cef', NULL, NULL, '2026-06-11T00:00:00.000Z', 'carousel', NULL, NULL, NULL, NULL, NULL, NULL, NULL, NULL, '2026-06-13T03:27:04.011Z', '2026-06-13T03:27:04.011Z'),
  ('9ed2f914-c8f3-4b5c-b59c-a29ba3af60e8', 'RANCABANGO - IG - Juni - [SLIDE POST] "Liburan Terbaik Bukan yang Termahal"', 'in_progress', 'b64f19dd-a5d6-445e-b272-565230d85cef', NULL, NULL, '2026-06-11T00:00:00.000Z', 'carousel', NULL, NULL, NULL, NULL, NULL, NULL, NULL, NULL, '2026-06-13T03:27:04.020Z', '2026-06-13T03:27:04.020Z'),
  ('20641aac-a6ee-41a6-bf03-6f365a7b24c3', 'RANCABANGO - IG - Juni - [SLIDE POST] Liburan yang menawarkanmu sebuah jeda', 'in_progress', 'b64f19dd-a5d6-445e-b272-565230d85cef', NULL, NULL, '2026-06-11T00:00:00.000Z', 'carousel', NULL, NULL, NULL, NULL, NULL, NULL, NULL, NULL, '2026-06-13T03:27:04.028Z', '2026-06-13T03:27:04.028Z'),
  ('7e0b83ae-4674-4e72-ab84-a8fe2612590a', 'RANCABANGO - TT - Juni - Bersantai di kursi Rancabango', 'in_progress', 'b64f19dd-a5d6-445e-b272-565230d85cef', NULL, NULL, '2026-06-12T00:00:00.000Z', NULL, NULL, NULL, NULL, NULL, NULL, NULL, NULL, NULL, '2026-06-13T03:27:04.036Z', '2026-06-13T03:27:04.036Z'),
  ('89aa5890-4a3f-4adc-83b9-8539039f3d04', 'RANCABANGO - IG - Juni - [REELS] Liburan Kali ini', 'in_progress', 'b64f19dd-a5d6-445e-b272-565230d85cef', NULL, NULL, '2026-06-11T00:00:00.000Z', 'reels', NULL, NULL, NULL, NULL, NULL, NULL, NULL, NULL, '2026-06-13T03:27:04.044Z', '2026-06-13T03:27:04.044Z'),
  ('bf1c15d7-72ad-4e7b-bb14-c9ebb5f5391b', 'RANCABANGO - IG - Mei - SLIDE VIDEO - Fotomu gak harus estetik', 'published', 'b64f19dd-a5d6-445e-b272-565230d85cef', NULL, NULL, '2026-05-14T00:00:00.000Z', 'reels', NULL, NULL, NULL, NULL, NULL, NULL, NULL, NULL, '2026-06-13T03:27:04.049Z', '2026-06-13T03:27:04.049Z'),
  ('21178738-98f9-4e4d-8b7a-1912cf6bd2f6', 'Rancabango - Maret - INSTAGRAM PROFILE Setup', 'done', 'b64f19dd-a5d6-445e-b272-565230d85cef', NULL, NULL, '2026-03-05T00:00:00.000Z', NULL, NULL, NULL, NULL, NULL, NULL, NULL, NULL, NULL, '2026-06-13T03:27:04.056Z', '2026-06-13T03:27:04.056Z'),
  ('18a66987-da7c-4419-88d8-ff1998e70ee2', 'RANCABANGO IG - April - REELS: Grouping Campaign', 'published', 'b64f19dd-a5d6-445e-b272-565230d85cef', NULL, NULL, '2026-04-20T00:00:00.000Z', 'reels', NULL, NULL, NULL, NULL, NULL, NULL, NULL, NULL, '2026-06-13T03:27:04.060Z', '2026-06-13T03:27:04.060Z'),
  ('14c1984e-be2c-4461-8070-bf8e37fb79ea', 'RANCABANGO IG - April - Rancabango Wellness', 'published', 'b64f19dd-a5d6-445e-b272-565230d85cef', NULL, NULL, '2026-04-24T00:00:00.000Z', NULL, NULL, NULL, NULL, NULL, NULL, NULL, NULL, NULL, '2026-06-13T03:27:04.063Z', '2026-06-13T03:27:04.063Z'),
  ('fec40f26-76c7-45ba-bf62-bc93bea7ac76', 'RANCABANGO - IG - Juni - [SLIDE POST] Anak cepat besar dan kita telat menyadarinya', 'in_progress', 'b64f19dd-a5d6-445e-b272-565230d85cef', NULL, NULL, '2026-06-12T00:00:00.000Z', 'carousel', NULL, NULL, NULL, NULL, NULL, NULL, NULL, NULL, '2026-06-13T03:27:04.066Z', '2026-06-13T03:27:04.066Z'),
  ('f5cfe76b-db92-423b-9782-af5ce907b63a', 'RANCABANGO - IGS - Juni - Close (15)', 'in_progress', 'b64f19dd-a5d6-445e-b272-565230d85cef', NULL, NULL, '2026-06-10T00:00:00.000Z', NULL, NULL, NULL, NULL, NULL, NULL, NULL, NULL, NULL, '2026-06-13T03:27:04.068Z', '2026-06-13T03:27:04.068Z'),
  ('31856a08-8985-4dc2-ab71-feb65a39b577', 'RANCABANGO - IGS - Juni - Interaksi (15)', 'in_progress', 'b64f19dd-a5d6-445e-b272-565230d85cef', NULL, NULL, '2026-06-12T00:00:00.000Z', NULL, NULL, NULL, NULL, NULL, NULL, NULL, NULL, NULL, '2026-06-13T03:27:04.070Z', '2026-06-13T03:27:04.070Z'),
  ('497bcf13-b49d-4b16-aa74-0f34d7289a7e', 'RANCABANGO IG & IGS - POSTER COVER CAMPAIGN MAY — May Escape Campaign Bridging', 'published', 'b64f19dd-a5d6-445e-b272-565230d85cef', NULL, NULL, '2026-05-08T00:00:00.000Z', 'carousel', NULL, NULL, NULL, NULL, NULL, NULL, NULL, NULL, '2026-06-13T03:27:04.071Z', '2026-06-13T03:27:04.071Z'),
  ('9d91d150-0836-43e9-8410-52fb89520e1b', 'RANCABANGO - IG (TT) - Mei - [SLIDE POST] "Healing Bali, Tapi Tanpa Harga Bali"', 'published', 'b64f19dd-a5d6-445e-b272-565230d85cef', NULL, NULL, '2026-05-27T00:00:00.000Z', 'carousel', NULL, NULL, NULL, NULL, NULL, NULL, NULL, NULL, '2026-06-13T03:27:04.072Z', '2026-06-13T03:27:04.072Z'),
  ('0b3639cc-89fa-4a8d-be80-afa852e4e24d', 'RANCABANGO - IG - Mei - SLIDE PHOTO - bukan menyendiri, kamu justru sedang pulih', 'published', 'b64f19dd-a5d6-445e-b272-565230d85cef', NULL, NULL, '2026-05-16T00:00:00.000Z', 'carousel', NULL, NULL, NULL, NULL, NULL, NULL, NULL, NULL, '2026-06-13T03:27:04.076Z', '2026-06-13T03:27:04.076Z'),
  ('d7200de9-c10f-4956-a599-a9a501093481', 'RANCABANGO - IG & TT - Juni - [REELS] Lari-lari di Rancabango Hotel', 'in_progress', 'b64f19dd-a5d6-445e-b272-565230d85cef', NULL, NULL, '2026-06-12T00:00:00.000Z', 'reels', NULL, NULL, NULL, NULL, NULL, NULL, NULL, NULL, '2026-06-13T03:27:04.079Z', '2026-06-13T03:27:04.079Z'),
  ('97b52bf0-61b7-4c1c-8e3e-3bb61a2f873d', 'RANCABANGO - IG - Juni - [SLIDE POST] Sudut yang memberimu ketenangan', 'in_progress', 'b64f19dd-a5d6-445e-b272-565230d85cef', NULL, NULL, '2026-06-09T00:00:00.000Z', 'carousel', NULL, NULL, NULL, NULL, NULL, NULL, NULL, NULL, '2026-06-13T03:27:04.085Z', '2026-06-13T03:27:04.085Z'),
  ('5909c18d-c7e6-4220-b47f-890eb14327ce', 'RANCABANGO TT - April - SLIDE POST: Tempat Tanpa Notifikasi', 'published', 'b64f19dd-a5d6-445e-b272-565230d85cef', NULL, NULL, '2026-04-29T00:00:00.000Z', 'carousel', NULL, NULL, NULL, NULL, NULL, NULL, NULL, NULL, '2026-06-13T03:27:04.088Z', '2026-06-13T03:27:04.088Z'),
  ('a8c08574-8ddd-428f-8ee1-6dfe327fc665', 'RANCABANGO - IG - Mei - [REELS] Momen yang lebih mahal dari apapun', 'published', 'b64f19dd-a5d6-445e-b272-565230d85cef', NULL, NULL, '2026-05-17T00:00:00.000Z', 'reels', NULL, NULL, NULL, NULL, NULL, NULL, NULL, NULL, '2026-06-13T03:27:04.091Z', '2026-06-13T03:27:04.091Z'),
  ('14a775aa-48df-4063-aece-c1323c0fe2e3', 'RANCABANGO IG & IGS - Offering POSTER 2 — Family Mini Escape', 'published', 'b64f19dd-a5d6-445e-b272-565230d85cef', NULL, NULL, '2026-05-08T00:00:00.000Z', 'carousel', NULL, NULL, NULL, NULL, NULL, NULL, NULL, NULL, '2026-06-13T03:27:04.093Z', '2026-06-13T03:27:04.093Z'),
  ('dc64e4f5-30fd-4808-8a1b-b06d11787ec7', 'RANCABANGO IG - April - REELS: Nuansa Kental Bali di Rancabango Hotel & Resort', 'published', 'b64f19dd-a5d6-445e-b272-565230d85cef', NULL, NULL, '2026-04-26T00:00:00.000Z', 'reels', NULL, NULL, NULL, NULL, NULL, NULL, NULL, NULL, '2026-06-13T03:27:04.095Z', '2026-06-13T03:27:04.095Z'),
  ('2d043ae6-7d04-451c-90d9-66425aa49d46', 'RANCABANGO TT - April - VIDEO: Fitur Underrated di rancabango', 'published', 'b64f19dd-a5d6-445e-b272-565230d85cef', NULL, NULL, '2026-04-30T00:00:00.000Z', 'reels', NULL, NULL, NULL, NULL, NULL, NULL, NULL, NULL, '2026-06-13T03:27:04.099Z', '2026-06-13T03:27:04.099Z'),
  ('6861f6a4-1ea3-464d-878b-461852f3b890', 'RANCABANGO - IGS - Mei - OPEN (15)', 'published', 'b64f19dd-a5d6-445e-b272-565230d85cef', NULL, NULL, '2026-05-11T00:00:00.000Z', NULL, NULL, NULL, NULL, NULL, NULL, NULL, NULL, NULL, '2026-06-13T03:27:04.101Z', '2026-06-13T03:27:04.101Z'),
  ('030bc514-ba33-4c90-ab7b-a4226cb6cfd2', 'RANCABANGO [Request] - Drone Take Content - RCBG AERIAL VIDEOGRAPHY COVERING ALL AREA', 'published', 'b64f19dd-a5d6-445e-b272-565230d85cef', NULL, NULL, '2026-05-25T00:00:00.000Z', 'reels', NULL, NULL, NULL, NULL, NULL, NULL, NULL, NULL, '2026-06-13T03:27:04.105Z', '2026-06-13T03:27:04.105Z'),
  ('e360700b-5b1e-43d1-a314-b3145c17bc11', 'RESTORASA - Maret - INSTAGRAM PROFILE Setup', 'done', '66b61267-8feb-4c2d-ab0d-82343cecd411', NULL, NULL, '2026-03-05T00:00:00.000Z', NULL, NULL, NULL, NULL, NULL, NULL, NULL, NULL, NULL, '2026-06-13T03:27:04.107Z', '2026-06-13T03:27:04.107Z'),
  ('bac9d4dc-aa08-4dca-b823-79b9cd533281', 'RESTORASA - IG & (TT) - Mei - [REELS] Hal menarik menjadikan Restorasa sebagai Venue pernikahan', 'published', '66b61267-8feb-4c2d-ab0d-82343cecd411', NULL, NULL, '2026-05-26T00:00:00.000Z', 'reels', NULL, NULL, NULL, NULL, NULL, NULL, NULL, NULL, '2026-06-13T03:27:04.113Z', '2026-06-13T03:27:04.113Z'),
  ('7aaadcaf-61b3-4281-9e92-37bed0af7d38', 'RESTORASA - IG - Mei - [SINGLE POST] - #MenujuHariBaik - Coming Soon', 'published', '66b61267-8feb-4c2d-ab0d-82343cecd411', NULL, NULL, '2026-05-11T00:00:00.000Z', 'carousel', NULL, NULL, NULL, NULL, NULL, NULL, NULL, NULL, '2026-06-13T03:27:04.118Z', '2026-06-13T03:27:04.118Z'),
  ('f482b3d6-5fe0-4a3d-bb2f-f8379a44516e', 'RESTORASA - IG - Mei - [SLIDE POST] Apa itu Menuju Hari Baik?', 'published', '66b61267-8feb-4c2d-ab0d-82343cecd411', NULL, NULL, '2026-05-26T00:00:00.000Z', 'carousel', NULL, NULL, NULL, NULL, NULL, NULL, NULL, NULL, '2026-06-13T03:27:04.122Z', '2026-06-13T03:27:04.122Z'),
  ('b4511b6a-5524-49e2-a343-60c2fb468a3f', 'RESTORASA - IG & IGS - Juni - [DI PIN & DI MASUKIN HIGHLIGHT] OFFERING WEDDING Restorasa', 'in_progress', '66b61267-8feb-4c2d-ab0d-82343cecd411', NULL, NULL, '2026-06-13T00:00:00.000Z', NULL, NULL, NULL, NULL, NULL, NULL, NULL, NULL, NULL, '2026-06-13T03:27:04.126Z', '2026-06-13T03:27:04.126Z'),
  ('9e7e1945-09d6-4d53-9d4a-fe9d0ae28d84', 'RESTORASA - DECK - Mei - Meredesign Deck Offering "Menuju Hari Baik" Wedding Offering Restorasa', 'done', '66b61267-8feb-4c2d-ab0d-82343cecd411', NULL, NULL, '2026-05-27T00:00:00.000Z', NULL, NULL, NULL, NULL, NULL, NULL, NULL, NULL, NULL, '2026-06-13T03:27:04.129Z', '2026-06-13T03:27:04.129Z'),
  ('a8d01360-15df-44fb-aa75-f17a4dea2645', 'RESTORASA - IG - Juni - [SLIDE POST] Mencuplik kembali Menuju Hari Baik', 'in_progress', '66b61267-8feb-4c2d-ab0d-82343cecd411', NULL, NULL, '2026-06-09T00:00:00.000Z', 'carousel', NULL, NULL, NULL, NULL, NULL, NULL, NULL, NULL, '2026-06-13T03:27:04.134Z', '2026-06-13T03:27:04.134Z'),
  ('e1d9fa10-c510-49a6-962b-77f2a0a1c8d8', 'RESTORASA - IG - Mei - [REELS] Venue Wedding Restorasa sebelum dan sesudah', 'published', '66b61267-8feb-4c2d-ab0d-82343cecd411', NULL, NULL, '2026-05-14T00:00:00.000Z', 'reels', NULL, NULL, NULL, NULL, NULL, NULL, NULL, NULL, '2026-06-13T03:27:04.139Z', '2026-06-13T03:27:04.139Z'),
  ('cbae450a-8181-451e-9e7f-d61ea543f95d', 'RESTORASA - IGS - Juni - Close (15)', 'in_progress', '66b61267-8feb-4c2d-ab0d-82343cecd411', NULL, NULL, '2026-06-12T00:00:00.000Z', NULL, NULL, NULL, NULL, NULL, NULL, NULL, NULL, NULL, '2026-06-13T03:27:04.151Z', '2026-06-13T03:27:04.151Z'),
  ('402e34b1-6c61-4f96-80ff-c7e05efe5762', 'RESTORASA IG - April - SLIDE POST - Gathering Selalu Spesial di Restorasa', 'published', '66b61267-8feb-4c2d-ab0d-82343cecd411', NULL, NULL, '2026-04-29T00:00:00.000Z', 'carousel', NULL, NULL, NULL, NULL, NULL, NULL, NULL, NULL, '2026-06-13T03:27:04.158Z', '2026-06-13T03:27:04.158Z'),
  ('4b02f058-02d3-4360-9965-0ddf7edeace3', 'RESTORASA - IG - Juni - [SLIDE POST] Melihat anak kita menikmati hidangannya', 'in_progress', '66b61267-8feb-4c2d-ab0d-82343cecd411', NULL, NULL, '2026-06-11T00:00:00.000Z', 'carousel', NULL, NULL, NULL, NULL, NULL, NULL, NULL, NULL, '2026-06-13T03:27:04.167Z', '2026-06-13T03:27:04.167Z'),
  ('4674475d-75fc-41c0-af59-fb8c0d892f33', 'RESTORASA - IG - Juni - [SLIDE POST] Ingin yang terbaik buat keluarga', 'in_progress', '66b61267-8feb-4c2d-ab0d-82343cecd411', NULL, NULL, '2026-06-11T00:00:00.000Z', 'carousel', NULL, NULL, NULL, NULL, NULL, NULL, NULL, NULL, '2026-06-13T03:27:04.174Z', '2026-06-13T03:27:04.174Z'),
  ('98854c86-55c2-468f-9826-41ebe7f169f9', 'RESTORASA IG - Maret - Slide Video & Photo - Sebuah event yang dirancang menangkap makna ikatan', 'published', '66b61267-8feb-4c2d-ab0d-82343cecd411', NULL, NULL, '2026-03-30T00:00:00.000Z', 'reels', NULL, NULL, NULL, NULL, NULL, NULL, NULL, NULL, '2026-06-13T03:27:04.180Z', '2026-06-13T03:27:04.180Z'),
  ('b6e95286-2014-4a7a-b625-86563c164d2f', 'RESTORASA - IG [TT] - Mei - [REELS] Minuman di Restorasa Bukan hanya segelas kenikmatan', 'published', '66b61267-8feb-4c2d-ab0d-82343cecd411', NULL, NULL, '2026-05-20T00:00:00.000Z', 'reels', NULL, NULL, NULL, NULL, NULL, NULL, NULL, NULL, '2026-06-13T03:27:04.187Z', '2026-06-13T03:27:04.187Z'),
  ('bf1b6870-3683-44d3-a6c9-8d14dde930ed', 'RESTORASA - TT (IG) - Mei - Highlight Para Collaborator', 'in_progress', '66b61267-8feb-4c2d-ab0d-82343cecd411', NULL, NULL, '2026-06-04T00:00:00.000Z', NULL, NULL, NULL, NULL, NULL, NULL, NULL, NULL, NULL, '2026-06-13T03:27:04.197Z', '2026-06-13T03:27:04.197Z'),
  ('7a32f315-a1b4-44c8-8c99-6c8c766f0d86', 'RESTORASA - IG - Juni - [SLIDE POST] Kebersamaan keluarga di momen liburan', 'in_progress', '66b61267-8feb-4c2d-ab0d-82343cecd411', NULL, NULL, '2026-06-11T00:00:00.000Z', 'carousel', NULL, NULL, NULL, NULL, NULL, NULL, NULL, NULL, '2026-06-13T03:27:04.211Z', '2026-06-13T03:27:04.211Z'),
  ('f13b5eb3-db0e-46a3-b8d6-b55314e9da29', 'RESTORASA - IGS - Juni - Opening (15)', 'in_progress', '66b61267-8feb-4c2d-ab0d-82343cecd411', NULL, NULL, '2026-06-10T00:00:00.000Z', NULL, NULL, NULL, NULL, NULL, NULL, NULL, NULL, NULL, '2026-06-13T03:27:04.225Z', '2026-06-13T03:27:04.225Z'),
  ('e4e06eb7-10da-4e67-a54c-9b5379db1a1c', 'RESTORASA - Offering PDF - Offering Wedding Venue & Catering with Full Package Review', 'done', '66b61267-8feb-4c2d-ab0d-82343cecd411', NULL, NULL, '2026-05-27T00:00:00.000Z', NULL, NULL, NULL, NULL, NULL, NULL, NULL, NULL, NULL, '2026-06-13T03:27:04.251Z', '2026-06-13T03:27:04.251Z'),
  ('04ce3999-cb00-45ee-b42b-e4953f0fda32', 'RESTORASA IG - April - SLIDE VIDEO - Ayam Bakar Kuah - Sajian yang Menyenangkan Mata dan memperkaya Rasa', 'published', '66b61267-8feb-4c2d-ab0d-82343cecd411', NULL, NULL, '2026-04-30T00:00:00.000Z', 'reels', NULL, NULL, NULL, NULL, NULL, NULL, NULL, NULL, '2026-06-13T03:27:04.261Z', '2026-06-13T03:27:04.261Z'),
  ('cf5c6755-1ac3-4f52-8d61-e9c78bc4f93d', 'SINARBERKAH - IG - Juni - [SLIDE VIDEO] Bahagia ala Kedai Nasi Sinar Berkah', 'in_progress', '1e62490c-409e-4428-8810-ceef75695ffb', NULL, NULL, '2026-06-12T00:00:00.000Z', 'reels', NULL, NULL, NULL, NULL, NULL, NULL, NULL, NULL, '2026-06-13T03:27:04.276Z', '2026-06-13T03:27:04.276Z'),
  ('e346b519-01be-4a26-bcf6-4c3df9859a5f', 'SINARBERKAH - IG - Juni - [ADS SLIDE POST] Kerja fokus gak mikirin makan siang - Nasi Box untuk Kantoran', 'in_progress', '1e62490c-409e-4428-8810-ceef75695ffb', NULL, NULL, '2026-06-13T00:00:00.000Z', 'carousel', NULL, NULL, NULL, NULL, NULL, NULL, NULL, NULL, '2026-06-13T03:27:04.283Z', '2026-06-13T03:27:04.283Z'),
  ('d6f40585-1cc2-4514-9278-770a1c78dfe2', 'SINARBERKAH - IG - Juni - Visit ke Kedai Nasi Sinar Berkah', 'in_progress', '1e62490c-409e-4428-8810-ceef75695ffb', NULL, NULL, '2026-06-12T00:00:00.000Z', NULL, NULL, NULL, NULL, NULL, NULL, NULL, NULL, NULL, '2026-06-13T03:27:04.301Z', '2026-06-13T03:27:04.301Z'),
  ('e77264ab-2f14-4b5e-a24c-dfa1b7a91461', 'SINARBERKAH - IG - Juni - [SLIDE VIDEO] Buat kamu para pencari kebahagiaan lewat rasa manis', 'in_progress', '1e62490c-409e-4428-8810-ceef75695ffb', NULL, NULL, '2026-06-11T00:00:00.000Z', 'reels', NULL, NULL, NULL, NULL, NULL, NULL, NULL, NULL, '2026-06-13T03:27:04.309Z', '2026-06-13T03:27:04.309Z'),
  ('9e643f5f-62de-42a3-9dac-0761e06a670d', 'SINARBERKAH - IG - Juni - [SLIDE VIDEO] Mitos tentang makanan dan pengaruhnya terhadap kebahagiaan?', 'in_progress', '1e62490c-409e-4428-8810-ceef75695ffb', NULL, NULL, '2026-06-13T00:00:00.000Z', 'reels', NULL, NULL, NULL, NULL, NULL, NULL, NULL, NULL, '2026-06-13T03:27:04.316Z', '2026-06-13T03:27:04.316Z'),
  ('aa9b7a0d-e644-4c0e-aedf-9c366931886c', 'SINARBERKAH - IG - Juni - [ADS SLIDE POST] Bahagia ditempuh dari rasa tenang - Nasi Box untuk Gathering', 'in_progress', '1e62490c-409e-4428-8810-ceef75695ffb', NULL, NULL, '2026-06-13T00:00:00.000Z', 'carousel', NULL, NULL, NULL, NULL, NULL, NULL, NULL, NULL, '2026-06-13T03:27:04.322Z', '2026-06-13T03:27:04.322Z'),
  ('526c2959-61de-4134-b344-844dd21eabe8', 'SINARBERKAH - IG - Juni - Video + Quotes 1', 'in_progress', '1e62490c-409e-4428-8810-ceef75695ffb', NULL, NULL, '2026-06-06T00:00:00.000Z', 'reels', NULL, NULL, NULL, NULL, NULL, NULL, NULL, NULL, '2026-06-13T03:27:04.328Z', '2026-06-13T03:27:04.328Z'),
  ('35fb5272-8ec5-4f1a-b2c4-a3c59ab40af9', 'SINARBERKAH - IG - Juni - [ADS SLIDE POST] In this economy bahagia itu susah - Nasi Box untuk yang mager syukuran', 'in_progress', '1e62490c-409e-4428-8810-ceef75695ffb', NULL, NULL, '2026-06-13T00:00:00.000Z', 'carousel', NULL, NULL, NULL, NULL, NULL, NULL, NULL, NULL, '2026-06-13T03:27:04.335Z', '2026-06-13T03:27:04.335Z'),
  ('02ecafe1-25fb-487f-877c-bebc58ffb242', 'SINARBERKAH - TT - Juni - Video + Quotes 2', 'in_progress', '1e62490c-409e-4428-8810-ceef75695ffb', NULL, NULL, '2026-06-11T00:00:00.000Z', 'reels', NULL, NULL, NULL, NULL, NULL, NULL, NULL, NULL, '2026-06-13T03:27:04.342Z', '2026-06-13T03:27:04.342Z'),
  ('59531b5e-b61e-4033-b4c8-754eee1904ed', 'SINARBERKAH - TT - Juni - Video + Quotes 1', 'in_progress', '1e62490c-409e-4428-8810-ceef75695ffb', NULL, NULL, '2026-06-09T00:00:00.000Z', 'reels', NULL, NULL, NULL, NULL, NULL, NULL, NULL, NULL, '2026-06-13T03:27:04.356Z', '2026-06-13T03:27:04.356Z'),
  ('6e84a1ab-a222-4f34-9aff-bd67bb858d78', 'SINARBERKAH - IG - Juni - Video + Quotes 2', 'in_progress', '1e62490c-409e-4428-8810-ceef75695ffb', NULL, NULL, '2026-06-10T00:00:00.000Z', 'reels', NULL, NULL, NULL, NULL, NULL, NULL, NULL, NULL, '2026-06-13T03:27:04.363Z', '2026-06-13T03:27:04.363Z'),
  ('186a1bbf-22d3-47f8-abc4-09f6bf869e28', 'SINARBERKAH - IG - Juni - Ceritain Makanan dan Tempatnya', 'in_progress', '1e62490c-409e-4428-8810-ceef75695ffb', NULL, NULL, '2026-06-10T00:00:00.000Z', NULL, NULL, NULL, NULL, NULL, NULL, NULL, NULL, NULL, '2026-06-13T03:27:04.368Z', '2026-06-13T03:27:04.368Z'),
  ('43a850c8-c512-46ff-856a-76eee6f1b401', 'SINARBERKAH - IGS - Juni - OPEN (15)', 'in_progress', '1e62490c-409e-4428-8810-ceef75695ffb', NULL, NULL, '2026-06-10T00:00:00.000Z', NULL, NULL, NULL, NULL, NULL, NULL, NULL, NULL, NULL, '2026-06-13T03:27:04.373Z', '2026-06-13T03:27:04.373Z'),
  ('fb9dad40-689f-412b-bf79-97b57ea127fa', 'SINARBERKAH - IGS - Juni - TUTUP (15)', 'in_progress', '1e62490c-409e-4428-8810-ceef75695ffb', NULL, NULL, '2026-06-08T00:00:00.000Z', NULL, NULL, NULL, NULL, NULL, NULL, NULL, NULL, NULL, '2026-06-13T03:27:04.377Z', '2026-06-13T03:27:04.377Z'),
  ('dc638013-1c8e-409b-9ec4-ea22aaf546bb', 'SINARBERKAH - IGS - Juni - INTERAKSI (8)', 'in_progress', '1e62490c-409e-4428-8810-ceef75695ffb', NULL, NULL, '2026-06-10T00:00:00.000Z', NULL, NULL, NULL, NULL, NULL, NULL, NULL, NULL, NULL, '2026-06-13T03:27:04.382Z', '2026-06-13T03:27:04.382Z'),
  ('ebea9ff2-707f-48fa-b463-422f0b70dad8', 'SINARBERKAH - TT - Juni - Kasir dan segala aktivitasnya', 'in_progress', '1e62490c-409e-4428-8810-ceef75695ffb', NULL, NULL, '2026-06-12T00:00:00.000Z', NULL, NULL, NULL, NULL, NULL, NULL, NULL, NULL, NULL, '2026-06-13T03:27:04.387Z', '2026-06-13T03:27:04.387Z'),
  ('6a3c8ab0-e98d-4b4f-a51b-465bb7011754', 'SINARBERKAH - TT - Juni - Ceritain Makanan + Angle Detail', 'in_progress', '1e62490c-409e-4428-8810-ceef75695ffb', NULL, NULL, '2026-06-13T00:00:00.000Z', NULL, NULL, NULL, NULL, NULL, NULL, NULL, NULL, NULL, '2026-06-13T03:27:04.391Z', '2026-06-13T03:27:04.391Z'),
  ('ed5855f5-b5fa-43cc-9f6c-6d35ce4a6ca5', 'SINARBERKAH - TT - Juni - Pramusaji dan segala aktivitasnya', 'in_progress', '1e62490c-409e-4428-8810-ceef75695ffb', NULL, NULL, '2026-06-12T00:00:00.000Z', NULL, NULL, NULL, NULL, NULL, NULL, NULL, NULL, NULL, '2026-06-13T03:27:04.394Z', '2026-06-13T03:27:04.394Z'),
  ('447263b8-ed6c-408b-a88a-a0fab1e4415f', 'SINARBERKAH - TT - Juni - Penjaga Warung Manis dan segala aktivitasnya', 'in_progress', '1e62490c-409e-4428-8810-ceef75695ffb', NULL, NULL, '2026-06-13T00:00:00.000Z', NULL, NULL, NULL, NULL, NULL, NULL, NULL, NULL, NULL, '2026-06-13T03:27:04.400Z', '2026-06-13T03:27:04.400Z'),
  ('bfec16d4-5866-4e8d-ae23-4a981e60cc7d', 'SINARBERKAH - TT - Juni - Wawancara dengan pengunjung', 'in_progress', '1e62490c-409e-4428-8810-ceef75695ffb', NULL, NULL, '2026-06-12T00:00:00.000Z', NULL, NULL, NULL, NULL, NULL, NULL, NULL, NULL, NULL, '2026-06-13T03:27:04.412Z', '2026-06-13T03:27:04.412Z'),
  ('27a49246-112a-4f0b-aaff-f6b0fdeb38c1', 'SINARBERKAH - IGS - Juni - VIDEO + QUOTES BAHAGIA (15)', 'in_progress', '1e62490c-409e-4428-8810-ceef75695ffb', NULL, NULL, '2026-06-13T00:00:00.000Z', 'reels', NULL, NULL, NULL, NULL, NULL, NULL, NULL, NULL, '2026-06-13T03:27:04.419Z', '2026-06-13T03:27:04.419Z')
ON CONFLICT (id) DO NOTHING;

INSERT INTO moteteam."task_assignee" ("task_id", "team_member_id") VALUES
  ('70779e8a-dc80-4ae8-a181-19be50eb58f5', '673f7208-e913-499f-917c-c7d8d32979ba'),
  ('70779e8a-dc80-4ae8-a181-19be50eb58f5', 'a72b861e-d33c-4b60-8cb5-2c79998a7282'),
  ('7cffcf0a-20b5-4d10-8613-34a1e330574b', '673f7208-e913-499f-917c-c7d8d32979ba'),
  ('7cffcf0a-20b5-4d10-8613-34a1e330574b', 'a72b861e-d33c-4b60-8cb5-2c79998a7282'),
  ('398ca7a8-db17-4206-9011-d45e9ed62872', '673f7208-e913-499f-917c-c7d8d32979ba'),
  ('398ca7a8-db17-4206-9011-d45e9ed62872', 'a72b861e-d33c-4b60-8cb5-2c79998a7282'),
  ('95c358b2-de08-4bb5-9e3d-a7f200153d3c', '673f7208-e913-499f-917c-c7d8d32979ba'),
  ('95c358b2-de08-4bb5-9e3d-a7f200153d3c', 'a72b861e-d33c-4b60-8cb5-2c79998a7282'),
  ('9ed2f914-c8f3-4b5c-b59c-a29ba3af60e8', '673f7208-e913-499f-917c-c7d8d32979ba'),
  ('9ed2f914-c8f3-4b5c-b59c-a29ba3af60e8', 'a72b861e-d33c-4b60-8cb5-2c79998a7282'),
  ('20641aac-a6ee-41a6-bf03-6f365a7b24c3', '673f7208-e913-499f-917c-c7d8d32979ba'),
  ('20641aac-a6ee-41a6-bf03-6f365a7b24c3', 'a72b861e-d33c-4b60-8cb5-2c79998a7282'),
  ('7e0b83ae-4674-4e72-ab84-a8fe2612590a', '673f7208-e913-499f-917c-c7d8d32979ba'),
  ('7e0b83ae-4674-4e72-ab84-a8fe2612590a', 'a72b861e-d33c-4b60-8cb5-2c79998a7282'),
  ('89aa5890-4a3f-4adc-83b9-8539039f3d04', '673f7208-e913-499f-917c-c7d8d32979ba'),
  ('89aa5890-4a3f-4adc-83b9-8539039f3d04', 'a72b861e-d33c-4b60-8cb5-2c79998a7282'),
  ('bf1c15d7-72ad-4e7b-bb14-c9ebb5f5391b', '673f7208-e913-499f-917c-c7d8d32979ba'),
  ('bf1c15d7-72ad-4e7b-bb14-c9ebb5f5391b', 'a72b861e-d33c-4b60-8cb5-2c79998a7282'),
  ('21178738-98f9-4e4d-8b7a-1912cf6bd2f6', '673f7208-e913-499f-917c-c7d8d32979ba'),
  ('21178738-98f9-4e4d-8b7a-1912cf6bd2f6', 'a72b861e-d33c-4b60-8cb5-2c79998a7282'),
  ('18a66987-da7c-4419-88d8-ff1998e70ee2', '673f7208-e913-499f-917c-c7d8d32979ba'),
  ('18a66987-da7c-4419-88d8-ff1998e70ee2', 'a72b861e-d33c-4b60-8cb5-2c79998a7282'),
  ('14c1984e-be2c-4461-8070-bf8e37fb79ea', '673f7208-e913-499f-917c-c7d8d32979ba'),
  ('14c1984e-be2c-4461-8070-bf8e37fb79ea', 'a72b861e-d33c-4b60-8cb5-2c79998a7282'),
  ('fec40f26-76c7-45ba-bf62-bc93bea7ac76', '673f7208-e913-499f-917c-c7d8d32979ba'),
  ('fec40f26-76c7-45ba-bf62-bc93bea7ac76', 'a72b861e-d33c-4b60-8cb5-2c79998a7282'),
  ('f5cfe76b-db92-423b-9782-af5ce907b63a', '673f7208-e913-499f-917c-c7d8d32979ba'),
  ('f5cfe76b-db92-423b-9782-af5ce907b63a', 'a72b861e-d33c-4b60-8cb5-2c79998a7282'),
  ('31856a08-8985-4dc2-ab71-feb65a39b577', '673f7208-e913-499f-917c-c7d8d32979ba'),
  ('31856a08-8985-4dc2-ab71-feb65a39b577', 'a72b861e-d33c-4b60-8cb5-2c79998a7282'),
  ('497bcf13-b49d-4b16-aa74-0f34d7289a7e', '673f7208-e913-499f-917c-c7d8d32979ba'),
  ('497bcf13-b49d-4b16-aa74-0f34d7289a7e', 'a72b861e-d33c-4b60-8cb5-2c79998a7282'),
  ('9d91d150-0836-43e9-8410-52fb89520e1b', '673f7208-e913-499f-917c-c7d8d32979ba'),
  ('9d91d150-0836-43e9-8410-52fb89520e1b', 'a72b861e-d33c-4b60-8cb5-2c79998a7282'),
  ('0b3639cc-89fa-4a8d-be80-afa852e4e24d', '673f7208-e913-499f-917c-c7d8d32979ba'),
  ('0b3639cc-89fa-4a8d-be80-afa852e4e24d', 'a72b861e-d33c-4b60-8cb5-2c79998a7282'),
  ('d7200de9-c10f-4956-a599-a9a501093481', '673f7208-e913-499f-917c-c7d8d32979ba'),
  ('d7200de9-c10f-4956-a599-a9a501093481', 'a72b861e-d33c-4b60-8cb5-2c79998a7282'),
  ('97b52bf0-61b7-4c1c-8e3e-3bb61a2f873d', '673f7208-e913-499f-917c-c7d8d32979ba'),
  ('97b52bf0-61b7-4c1c-8e3e-3bb61a2f873d', 'a72b861e-d33c-4b60-8cb5-2c79998a7282'),
  ('5909c18d-c7e6-4220-b47f-890eb14327ce', '673f7208-e913-499f-917c-c7d8d32979ba'),
  ('5909c18d-c7e6-4220-b47f-890eb14327ce', 'a72b861e-d33c-4b60-8cb5-2c79998a7282'),
  ('a8c08574-8ddd-428f-8ee1-6dfe327fc665', '673f7208-e913-499f-917c-c7d8d32979ba'),
  ('a8c08574-8ddd-428f-8ee1-6dfe327fc665', 'a72b861e-d33c-4b60-8cb5-2c79998a7282'),
  ('14a775aa-48df-4063-aece-c1323c0fe2e3', '673f7208-e913-499f-917c-c7d8d32979ba'),
  ('14a775aa-48df-4063-aece-c1323c0fe2e3', 'a72b861e-d33c-4b60-8cb5-2c79998a7282'),
  ('dc64e4f5-30fd-4808-8a1b-b06d11787ec7', '673f7208-e913-499f-917c-c7d8d32979ba'),
  ('dc64e4f5-30fd-4808-8a1b-b06d11787ec7', 'a72b861e-d33c-4b60-8cb5-2c79998a7282'),
  ('2d043ae6-7d04-451c-90d9-66425aa49d46', '673f7208-e913-499f-917c-c7d8d32979ba'),
  ('2d043ae6-7d04-451c-90d9-66425aa49d46', 'a72b861e-d33c-4b60-8cb5-2c79998a7282'),
  ('6861f6a4-1ea3-464d-878b-461852f3b890', '673f7208-e913-499f-917c-c7d8d32979ba'),
  ('6861f6a4-1ea3-464d-878b-461852f3b890', 'a72b861e-d33c-4b60-8cb5-2c79998a7282'),
  ('030bc514-ba33-4c90-ab7b-a4226cb6cfd2', '673f7208-e913-499f-917c-c7d8d32979ba'),
  ('030bc514-ba33-4c90-ab7b-a4226cb6cfd2', 'a72b861e-d33c-4b60-8cb5-2c79998a7282'),
  ('cf5c6755-1ac3-4f52-8d61-e9c78bc4f93d', '673f7208-e913-499f-917c-c7d8d32979ba'),
  ('cf5c6755-1ac3-4f52-8d61-e9c78bc4f93d', 'a72b861e-d33c-4b60-8cb5-2c79998a7282'),
  ('6ff97eb4-091e-47d7-be7c-6fe5b4961f8b', '673f7208-e913-499f-917c-c7d8d32979ba'),
  ('6ff97eb4-091e-47d7-be7c-6fe5b4961f8b', 'a72b861e-d33c-4b60-8cb5-2c79998a7282'),
  ('e346b519-01be-4a26-bcf6-4c3df9859a5f', '673f7208-e913-499f-917c-c7d8d32979ba'),
  ('e346b519-01be-4a26-bcf6-4c3df9859a5f', 'a72b861e-d33c-4b60-8cb5-2c79998a7282'),
  ('d6f40585-1cc2-4514-9278-770a1c78dfe2', '673f7208-e913-499f-917c-c7d8d32979ba'),
  ('d6f40585-1cc2-4514-9278-770a1c78dfe2', 'a72b861e-d33c-4b60-8cb5-2c79998a7282'),
  ('e77264ab-2f14-4b5e-a24c-dfa1b7a91461', '673f7208-e913-499f-917c-c7d8d32979ba'),
  ('e77264ab-2f14-4b5e-a24c-dfa1b7a91461', 'a72b861e-d33c-4b60-8cb5-2c79998a7282'),
  ('9e643f5f-62de-42a3-9dac-0761e06a670d', '673f7208-e913-499f-917c-c7d8d32979ba'),
  ('9e643f5f-62de-42a3-9dac-0761e06a670d', 'a72b861e-d33c-4b60-8cb5-2c79998a7282'),
  ('aa9b7a0d-e644-4c0e-aedf-9c366931886c', '673f7208-e913-499f-917c-c7d8d32979ba'),
  ('aa9b7a0d-e644-4c0e-aedf-9c366931886c', 'a72b861e-d33c-4b60-8cb5-2c79998a7282'),
  ('526c2959-61de-4134-b344-844dd21eabe8', '673f7208-e913-499f-917c-c7d8d32979ba'),
  ('526c2959-61de-4134-b344-844dd21eabe8', 'a72b861e-d33c-4b60-8cb5-2c79998a7282'),
  ('35fb5272-8ec5-4f1a-b2c4-a3c59ab40af9', '673f7208-e913-499f-917c-c7d8d32979ba'),
  ('35fb5272-8ec5-4f1a-b2c4-a3c59ab40af9', 'a72b861e-d33c-4b60-8cb5-2c79998a7282'),
  ('02ecafe1-25fb-487f-877c-bebc58ffb242', '673f7208-e913-499f-917c-c7d8d32979ba'),
  ('02ecafe1-25fb-487f-877c-bebc58ffb242', 'a72b861e-d33c-4b60-8cb5-2c79998a7282'),
  ('59531b5e-b61e-4033-b4c8-754eee1904ed', '673f7208-e913-499f-917c-c7d8d32979ba'),
  ('59531b5e-b61e-4033-b4c8-754eee1904ed', 'a72b861e-d33c-4b60-8cb5-2c79998a7282'),
  ('6e84a1ab-a222-4f34-9aff-bd67bb858d78', '673f7208-e913-499f-917c-c7d8d32979ba'),
  ('6e84a1ab-a222-4f34-9aff-bd67bb858d78', 'a72b861e-d33c-4b60-8cb5-2c79998a7282'),
  ('186a1bbf-22d3-47f8-abc4-09f6bf869e28', '673f7208-e913-499f-917c-c7d8d32979ba'),
  ('186a1bbf-22d3-47f8-abc4-09f6bf869e28', 'a72b861e-d33c-4b60-8cb5-2c79998a7282'),
  ('43a850c8-c512-46ff-856a-76eee6f1b401', '673f7208-e913-499f-917c-c7d8d32979ba'),
  ('43a850c8-c512-46ff-856a-76eee6f1b401', 'a72b861e-d33c-4b60-8cb5-2c79998a7282'),
  ('fb9dad40-689f-412b-bf79-97b57ea127fa', '673f7208-e913-499f-917c-c7d8d32979ba'),
  ('fb9dad40-689f-412b-bf79-97b57ea127fa', 'a72b861e-d33c-4b60-8cb5-2c79998a7282'),
  ('dc638013-1c8e-409b-9ec4-ea22aaf546bb', '673f7208-e913-499f-917c-c7d8d32979ba'),
  ('dc638013-1c8e-409b-9ec4-ea22aaf546bb', 'a72b861e-d33c-4b60-8cb5-2c79998a7282'),
  ('ebea9ff2-707f-48fa-b463-422f0b70dad8', '673f7208-e913-499f-917c-c7d8d32979ba'),
  ('ebea9ff2-707f-48fa-b463-422f0b70dad8', 'a72b861e-d33c-4b60-8cb5-2c79998a7282'),
  ('6a3c8ab0-e98d-4b4f-a51b-465bb7011754', '673f7208-e913-499f-917c-c7d8d32979ba'),
  ('6a3c8ab0-e98d-4b4f-a51b-465bb7011754', 'a72b861e-d33c-4b60-8cb5-2c79998a7282'),
  ('ed5855f5-b5fa-43cc-9f6c-6d35ce4a6ca5', '673f7208-e913-499f-917c-c7d8d32979ba'),
  ('ed5855f5-b5fa-43cc-9f6c-6d35ce4a6ca5', 'a72b861e-d33c-4b60-8cb5-2c79998a7282'),
  ('447263b8-ed6c-408b-a88a-a0fab1e4415f', '673f7208-e913-499f-917c-c7d8d32979ba'),
  ('447263b8-ed6c-408b-a88a-a0fab1e4415f', 'a72b861e-d33c-4b60-8cb5-2c79998a7282'),
  ('bfec16d4-5866-4e8d-ae23-4a981e60cc7d', '673f7208-e913-499f-917c-c7d8d32979ba'),
  ('bfec16d4-5866-4e8d-ae23-4a981e60cc7d', 'a72b861e-d33c-4b60-8cb5-2c79998a7282'),
  ('27a49246-112a-4f0b-aaff-f6b0fdeb38c1', '673f7208-e913-499f-917c-c7d8d32979ba'),
  ('27a49246-112a-4f0b-aaff-f6b0fdeb38c1', 'a72b861e-d33c-4b60-8cb5-2c79998a7282'),
  ('e360700b-5b1e-43d1-a314-b3145c17bc11', 'a234a292-8b99-45b3-8c19-2344f5c187ae'),
  ('e360700b-5b1e-43d1-a314-b3145c17bc11', '673f7208-e913-499f-917c-c7d8d32979ba'),
  ('e360700b-5b1e-43d1-a314-b3145c17bc11', 'a72b861e-d33c-4b60-8cb5-2c79998a7282'),
  ('bac9d4dc-aa08-4dca-b823-79b9cd533281', 'a234a292-8b99-45b3-8c19-2344f5c187ae'),
  ('bac9d4dc-aa08-4dca-b823-79b9cd533281', '673f7208-e913-499f-917c-c7d8d32979ba'),
  ('bac9d4dc-aa08-4dca-b823-79b9cd533281', 'a72b861e-d33c-4b60-8cb5-2c79998a7282'),
  ('7aaadcaf-61b3-4281-9e92-37bed0af7d38', 'a234a292-8b99-45b3-8c19-2344f5c187ae'),
  ('7aaadcaf-61b3-4281-9e92-37bed0af7d38', '673f7208-e913-499f-917c-c7d8d32979ba'),
  ('7aaadcaf-61b3-4281-9e92-37bed0af7d38', 'a72b861e-d33c-4b60-8cb5-2c79998a7282'),
  ('f482b3d6-5fe0-4a3d-bb2f-f8379a44516e', 'a234a292-8b99-45b3-8c19-2344f5c187ae'),
  ('f482b3d6-5fe0-4a3d-bb2f-f8379a44516e', '673f7208-e913-499f-917c-c7d8d32979ba'),
  ('f482b3d6-5fe0-4a3d-bb2f-f8379a44516e', 'a72b861e-d33c-4b60-8cb5-2c79998a7282'),
  ('b4511b6a-5524-49e2-a343-60c2fb468a3f', 'a234a292-8b99-45b3-8c19-2344f5c187ae'),
  ('b4511b6a-5524-49e2-a343-60c2fb468a3f', '673f7208-e913-499f-917c-c7d8d32979ba'),
  ('b4511b6a-5524-49e2-a343-60c2fb468a3f', 'a72b861e-d33c-4b60-8cb5-2c79998a7282'),
  ('9e7e1945-09d6-4d53-9d4a-fe9d0ae28d84', 'a234a292-8b99-45b3-8c19-2344f5c187ae'),
  ('9e7e1945-09d6-4d53-9d4a-fe9d0ae28d84', '673f7208-e913-499f-917c-c7d8d32979ba'),
  ('9e7e1945-09d6-4d53-9d4a-fe9d0ae28d84', 'a72b861e-d33c-4b60-8cb5-2c79998a7282'),
  ('a8d01360-15df-44fb-aa75-f17a4dea2645', 'a234a292-8b99-45b3-8c19-2344f5c187ae'),
  ('a8d01360-15df-44fb-aa75-f17a4dea2645', '673f7208-e913-499f-917c-c7d8d32979ba'),
  ('a8d01360-15df-44fb-aa75-f17a4dea2645', 'a72b861e-d33c-4b60-8cb5-2c79998a7282'),
  ('e1d9fa10-c510-49a6-962b-77f2a0a1c8d8', 'a234a292-8b99-45b3-8c19-2344f5c187ae'),
  ('e1d9fa10-c510-49a6-962b-77f2a0a1c8d8', '673f7208-e913-499f-917c-c7d8d32979ba'),
  ('e1d9fa10-c510-49a6-962b-77f2a0a1c8d8', 'a72b861e-d33c-4b60-8cb5-2c79998a7282'),
  ('cbae450a-8181-451e-9e7f-d61ea543f95d', 'a234a292-8b99-45b3-8c19-2344f5c187ae'),
  ('cbae450a-8181-451e-9e7f-d61ea543f95d', '673f7208-e913-499f-917c-c7d8d32979ba'),
  ('cbae450a-8181-451e-9e7f-d61ea543f95d', 'a72b861e-d33c-4b60-8cb5-2c79998a7282'),
  ('402e34b1-6c61-4f96-80ff-c7e05efe5762', 'a234a292-8b99-45b3-8c19-2344f5c187ae'),
  ('402e34b1-6c61-4f96-80ff-c7e05efe5762', '673f7208-e913-499f-917c-c7d8d32979ba'),
  ('402e34b1-6c61-4f96-80ff-c7e05efe5762', 'a72b861e-d33c-4b60-8cb5-2c79998a7282'),
  ('4b02f058-02d3-4360-9965-0ddf7edeace3', 'a234a292-8b99-45b3-8c19-2344f5c187ae'),
  ('4b02f058-02d3-4360-9965-0ddf7edeace3', '673f7208-e913-499f-917c-c7d8d32979ba'),
  ('4b02f058-02d3-4360-9965-0ddf7edeace3', 'a72b861e-d33c-4b60-8cb5-2c79998a7282'),
  ('4674475d-75fc-41c0-af59-fb8c0d892f33', 'a234a292-8b99-45b3-8c19-2344f5c187ae'),
  ('4674475d-75fc-41c0-af59-fb8c0d892f33', '673f7208-e913-499f-917c-c7d8d32979ba'),
  ('4674475d-75fc-41c0-af59-fb8c0d892f33', 'a72b861e-d33c-4b60-8cb5-2c79998a7282'),
  ('98854c86-55c2-468f-9826-41ebe7f169f9', 'a234a292-8b99-45b3-8c19-2344f5c187ae'),
  ('98854c86-55c2-468f-9826-41ebe7f169f9', '673f7208-e913-499f-917c-c7d8d32979ba'),
  ('98854c86-55c2-468f-9826-41ebe7f169f9', 'a72b861e-d33c-4b60-8cb5-2c79998a7282'),
  ('b6e95286-2014-4a7a-b625-86563c164d2f', 'a234a292-8b99-45b3-8c19-2344f5c187ae'),
  ('b6e95286-2014-4a7a-b625-86563c164d2f', '673f7208-e913-499f-917c-c7d8d32979ba'),
  ('b6e95286-2014-4a7a-b625-86563c164d2f', 'a72b861e-d33c-4b60-8cb5-2c79998a7282'),
  ('bf1b6870-3683-44d3-a6c9-8d14dde930ed', 'a234a292-8b99-45b3-8c19-2344f5c187ae'),
  ('bf1b6870-3683-44d3-a6c9-8d14dde930ed', '673f7208-e913-499f-917c-c7d8d32979ba'),
  ('bf1b6870-3683-44d3-a6c9-8d14dde930ed', 'a72b861e-d33c-4b60-8cb5-2c79998a7282'),
  ('7a32f315-a1b4-44c8-8c99-6c8c766f0d86', 'a234a292-8b99-45b3-8c19-2344f5c187ae'),
  ('7a32f315-a1b4-44c8-8c99-6c8c766f0d86', '673f7208-e913-499f-917c-c7d8d32979ba'),
  ('7a32f315-a1b4-44c8-8c99-6c8c766f0d86', 'a72b861e-d33c-4b60-8cb5-2c79998a7282'),
  ('f13b5eb3-db0e-46a3-b8d6-b55314e9da29', 'a234a292-8b99-45b3-8c19-2344f5c187ae'),
  ('f13b5eb3-db0e-46a3-b8d6-b55314e9da29', '673f7208-e913-499f-917c-c7d8d32979ba'),
  ('f13b5eb3-db0e-46a3-b8d6-b55314e9da29', 'a72b861e-d33c-4b60-8cb5-2c79998a7282'),
  ('e4e06eb7-10da-4e67-a54c-9b5379db1a1c', 'a234a292-8b99-45b3-8c19-2344f5c187ae'),
  ('e4e06eb7-10da-4e67-a54c-9b5379db1a1c', '673f7208-e913-499f-917c-c7d8d32979ba'),
  ('e4e06eb7-10da-4e67-a54c-9b5379db1a1c', 'a72b861e-d33c-4b60-8cb5-2c79998a7282'),
  ('04ce3999-cb00-45ee-b42b-e4953f0fda32', 'a234a292-8b99-45b3-8c19-2344f5c187ae'),
  ('04ce3999-cb00-45ee-b42b-e4953f0fda32', '673f7208-e913-499f-917c-c7d8d32979ba'),
  ('04ce3999-cb00-45ee-b42b-e4953f0fda32', 'a72b861e-d33c-4b60-8cb5-2c79998a7282')
ON CONFLICT (task_id, team_member_id) DO NOTHING;

